{
    "metadata": {
        "generator": "io_three",
        "type": "Geometry",
        "faces": 36,
        "normals": 20,
        "uvs": 1,
        "vertices": 20,
        "version": 3
    },
    "faces": [40,3,2,1,0,1,2,0,1,2,40,1,2,0,2,1,3,2,1,3,40,2,3,12,4,5,6,1,0,4,40,12,3,9,6,5,7,4,0,5,40,7,6,5,8,9,10,6,7,8,40,5,6,4,10,9,11,8,7,9,40,1,0,7,12,13,14,2,3,6,40,7,0,6,14,13,9,6,3,7,40,7,5,11,8,10,15,6,8,10,40,11,5,8,15,10,16,10,8,11,40,6,0,4,9,13,11,7,3,9,40,4,0,2,11,13,4,9,3,1,40,15,14,17,17,18,19,12,13,14,40,17,14,16,19,18,20,14,13,15,40,19,18,17,21,22,19,16,17,14,40,17,18,15,19,22,23,14,17,12,40,10,14,9,24,25,26,18,13,5,40,9,14,15,26,25,27,5,13,12,40,10,11,14,28,29,18,18,10,13,40,14,11,16,18,29,20,13,10,15,40,11,8,16,30,31,20,10,11,15,40,16,8,17,20,31,19,15,11,14,40,13,12,19,32,33,21,19,4,16,40,19,12,18,21,33,34,16,4,17,40,12,9,18,35,26,36,4,5,17,40,18,9,15,36,26,27,17,5,12,40,13,19,8,32,21,31,19,16,11,40,8,19,17,31,21,19,11,16,14,40,1,10,3,37,38,39,2,18,0,40,3,10,9,39,38,40,0,18,5,40,11,10,7,15,38,8,10,18,6,40,7,10,1,8,38,37,6,18,2,40,4,13,5,11,41,42,9,19,8,40,5,13,8,42,41,43,8,19,11,40,13,4,12,41,11,6,19,9,4,40,12,4,2,6,11,4,4,9,1],
    "normals": [-0.571215,0.583392,0.577349,0.583392,0.571215,0.577349,-0.571215,0.583392,-0.577349,0.583392,0.571215,-0.577349,0.304666,0.298288,0.904508,-0.29194,0.907651,0.301492,-0.583392,-0.571215,-0.577349,0.571215,-0.583392,-0.577349,-0.583392,-0.571215,0.577349,0.571215,-0.583392,0.577349,-0.907651,-0.29194,-0.301492,-0.311014,-0.901303,0.301492,-0.571429,0.583514,0.577013,-0.571398,0.583361,-0.577197,-0.583605,-0.571306,0.577013,-0.583575,-0.571184,-0.577197,0.570818,-0.5833,0.577807,0.582995,0.571154,0.577807,-0.901303,0.311014,-0.301492,0.298288,-0.304666,0.904508],
    "uvs": [[0.915762,0.25084,0.889058,0.25084,0.915762,0.584263,0.889058,0.584263,0.716331,0.25084,0.716331,0.032507,0.772503,0.181994,0.772503,0.032507,0.915986,0.584263,0.889346,0.584263,0.915985,0.250839,0.889346,0.25084,0.716331,0.79837,0.716331,0.584263,0.889346,0.79837,0.933347,0.513665,0.933346,0.250839,0.014542,0.915203,0.014738,0.551823,0.085911,0.915242,0.086107,0.551861,0.262992,0.915714,0.262808,0.983913,0.085726,0.983441,0.118248,0.551823,0.085174,0.551823,0.118248,0.818875,0.08537,0.915203,0.014756,0.518749,0.086125,0.518788,0.119181,0.551898,0.118889,0.81895,0.263094,0.819113,0.339746,0.81919,0.339644,0.915792,0.262452,0.818875,0.262452,0.915477,0.962089,0.584263,0.948316,0.513665,0.962089,0.250839,0.948316,0.250839,0.828674,0.181994,0.889346,0.032507,0.828674,0.032507]],
    "vertices": [-0.102617,0.06754,-0.114177,-0.256229,0.06916,-0.114177,-0.102617,0.06754,0.128086,-0.256229,0.06916,0.128086,-0.104236,-0.086072,0.128086,-0.257849,-0.084453,0.128086,-0.104236,-0.086072,-0.114177,-0.257849,-0.084453,-0.114177,-0.257309,-0.033249,0.128086,-0.256769,0.017955,0.128086,-0.256769,0.017955,-0.063523,-0.257309,-0.033249,-0.063523,-0.149518,0.016825,0.128086,-0.150058,-0.03438,0.128086,-0.280498,0.018205,-0.063523,-0.280357,0.018204,0.194927,-0.281038,-0.032999,-0.063523,-0.280897,-0.033,0.194927,-0.149518,0.016825,0.195123,-0.150058,-0.03438,0.195123],
    "name": "Untitled.007Geometry"
}