{"normals": [0.567492, 0.583178, 0.581195, 0.579669, -0.571093, 0.581195, 0.292062, 0.907071, 0.30311, 0.311136, -0.900723, 0.30311, -0.583392, 0.571215, -0.577349, -0.571215, -0.583392, -0.577349, -0.583056, 0.571154, 0.577746, -0.570879, -0.583331, 0.577746, -0.585528, 0.571642, 0.574755, -0.573351, -0.58385, 0.574755, 0.583392, -0.571215, 0.577349, 0.583392, -0.571215, -0.577349, 0.571215, 0.583392, 0.577349, 0.571215, 0.583392, -0.577349, 0.57033, 0.583514, 0.578082, 0.582507, -0.571368, 0.578082, 0.291635, 0.907254, 0.302957, 0.310953, -0.900937, 0.302591, -0.246712, -0.200049, 0.94818, 0.308878, -0.408155, 0.859035, 0.583331, -0.571337, 0.577258, -0.571001, -0.5833, -0.577624, 0.583544, -0.571368, -0.577013, 0.812067, -0.571947, -0.115635, 0.797937, 0.588855, -0.12833, 0.12183, -0.562761, 0.81756, 0.112949, 0.584399, 0.803522, 0.571001, 0.583697, 0.577227, 0.300882, 0.414502, 0.858852, -0.252083, 0.194952, 0.947844, 0.571215, 0.583728, -0.576983, -0.58327, 0.571093, -0.577593, 0.312082, -0.293344, -0.903592, 0.907651, -0.29194, 0.301492, 0.901395, 0.311014, 0.301187, 0.305368, 0.299783, -0.903775, 0.291818, -0.846858, -0.444533, 0.441603, -0.60094, -0.666219, 0.42851, 0.610462, -0.666066, 0.273721, 0.85284, -0.444624, 0.518509, -0.768212, -0.375469, 0.504929, 0.768242, -0.393445, -0.596026, 0.657155, 0.461348, -0.581225, -0.663686, 0.470779, -0.907651, 0.29194, -0.301492, -0.901334, -0.31077, -0.301614, -0.843654, -0.447676, 0.296274, -0.853236, 0.429151, 0.296274, 0.188116, -0.65508, 0.731742, 0.174261, 0.658895, 0.731742, -0.476363, -0.598804, -0.643788, -0.488876, 0.588641, -0.643757, 0.583728, -0.571154, -0.577044, 0.571551, 0.583331, -0.577044, -0.270638, -0.235908, -0.933317, -0.275552, 0.23014, -0.933317, 0.298379, 0.304941, -0.904416, 0.304727, -0.298593, -0.904416], "metadata": {"normals": 58, "uvs": 1, "vertices": 58, "generator": "io_three", "type": "Geometry", "version": 3, "faces": 112}, "uvs": [[0.812433, 0.51637, 0.793462, 0.51637, 0.812433, 0.496959, 0.793462, 0.496959, 0.816737, 0.527533, 0.793366, 0.527533, 0.816737, 0.457808, 0.793366, 0.457808, 0.813648, 0.402856, 0.798136, 0.402856, 0.813648, 0.374014, 0.798136, 0.374014, 0.995412, 0.908786, 0.995412, 0.999416, 0.909616, 0.908786, 0.909616, 0.999416, 0.812433, 0.518719, 0.793462, 0.518719, 0.812433, 0.493392, 0.793462, 0.493392, 0.814096, 0.397959, 0.798584, 0.397959, 0.814096, 0.374128, 0.798584, 0.374128, 0.388625, 0.663516, 0.324117, 0.663516, 0.560711, 0.663516, 0.938665, 0.663516, 0.142455, 0.823991, 0.938665, 0.823991, 0.241737, 0.571306, 0.324117, 0.571306, 0.324117, 0.571306, 0.142455, 0.500842, 0.241737, 0.500842, 0.788651, 0.460701, 0.820129, 0.460701, 0.788651, 0.536833, 0.820129, 0.536833, 0.972302, 0.769747, 0.972302, 0.744, 0.978863, 0.773163, 0.978863, 0.728451, 0.95188, 0.728451, 0.958552, 0.744, 0.95188, 0.773163, 0.958552, 0.769747, 0.549634, 0.390227, 0.666036, 0.438736, 0.666036, 0.341342, 0.816532, 0.636897, 0.793893, 0.636897, 0.816532, 0.573559, 0.793893, 0.573559, 0.549634, 0.390228, 0.666036, 0.341342, 0.79268, 0.60482, 0.79268, 0.598103, 0.814647, 0.60482, 0.814647, 0.598103, 0.789699, 0.396879, 0.789699, 0.351282, 0.820471, 0.396879, 0.82047, 0.351282, 0.871588, 0.470477, 0.871588, 0.638156, 0.986215, 0.470477, 0.986215, 0.638156, 0.885118, 0.307413, 0.966171, 0.307413, 0.885118, 0.004088, 0.966171, 0.004088, 0.058703, 0.039982, 0.117407, 0.03997, 0.058703, 0.295537, 0.117407, 0.295537, 0.168619, 0.328061, 0.239316, 0.000787, 0.168619, 0.000787, 0.238998, 0.000787, 0.650287, 0.216965, 0.650287, 0.327471, 0.058703, 0.339501, 0.117407, 0.339501, 0.794334, 0.412542, 0.81394, 0.412542, 0.79086, 0.419017, 0.817413, 0.419017, 0.81394, 0.39251, 0.817413, 0.350285, 0.79086, 0.350285, 0.794334, 0.39251, 0.142455, 0.81629, 0.938665, 0.81629, 0.405918, 0.438736, 0.405918, 0.390227, 0.788691, 0.349763, 0.819331, 0.349763, 0.788691, 0.426464, 0.819331, 0.426464, 0.405918, 0.438736, 0.405918, 0.390227, 0.861774, 0.889469, 0.861774, 0.925833, 0.825792, 0.889469, 0.825792, 0.925833, 0.792676, 0.523048, 0.792676, 0.466629, 0.817682, 0.523048, 0.817682, 0.466629, 0.565058, 0.344682, 0.813983, 0.631312, 0.795343, 0.631312, 0.81067, 0.601835, 0.798656, 0.601835, 0.795343, 0.585339, 0.798656, 0.589448, 0.813983, 0.585339, 0.81067, 0.589448, 0.028538, 0.822379, 0.053363, 0.822379, 0.028538, 0.958537, 0.053363, 0.958537, 0.140231, 0.958537, 0.140231, 0.822379, 0.218956, 0.822379, 0.218956, 0.958537, 0.305257, 0.822379, 0.789699, 0.425792, 0.82047, 0.425792, 0.871588, 0.3381, 0.986215, 0.3381, 0.814647, 0.610102, 0.79268, 0.610102, 0.565058, 0.344682, 0.305257, 0.958537]], "vertices": [0.148182, 0.051317, 0.10003, 0.149375, -0.061833, 0.10003, 0.031215, -0.063078, 0.099057, 0.030022, 0.050071, 0.099057, 0.030022, 0.050071, -0.285558, 0.031215, -0.063078, -0.285558, 0.149791, -0.061828, 0.01519, 0.148598, 0.051321, 0.01519, 0.247419, -0.060799, 0.01519, 0.246226, 0.05235, 0.01519, 0.247731, -0.060796, -0.095509, 0.246538, 0.052354, -0.095509, 0.978821, -0.053336, -0.095582, 0.978822, -0.053336, -0.284693, 0.977618, 0.060781, -0.095582, 0.977619, 0.060781, -0.284693, 0.978529, -0.025591, -0.161349, 0.977916, 0.032563, -0.161349, 1.43334, -0.020796, -0.161349, 1.43334, -0.020796, -0.222782, 1.43273, 0.037357, -0.222782, 1.43273, 0.037357, -0.161349, 0.736545, 0.044845, 0.168342, 0.736891, -0.037428, 0.168907, 0.637382, 0.045412, 0.311779, 0.637729, -0.036861, 0.312343, 0.32143, 0.037703, -0.095509, 0.527818, 0.039879, -0.095509, 0.528685, -0.042393, -0.095509, 0.322298, -0.044569, -0.095509, 0.031039, -0.048277, -0.137227, 0.030178, 0.035269, -0.137227, 0.030178, 0.035269, -0.249323, 0.031059, -0.048276, -0.249322, -0.466303, 0.030036, -0.249322, -0.465422, -0.05351, -0.249322, -0.466303, 0.030036, 0.085707, -0.465422, -0.05351, 0.085707, -0.393433, 0.030804, 0.085612, -0.392551, -0.052742, 0.085612, 1.18206, -0.023445, -0.222782, 1.18144, 0.034708, -0.222782, 0.977918, 0.032407, -0.284693, 0.978529, -0.025591, -0.284693, 1.15447, 0.034424, -0.280463, 1.15509, -0.023729, -0.280463, 1.34267, 0.026071, -0.222782, 1.34307, -0.011411, -0.222782, 1.41038, 0.026785, -0.222782, 1.41077, -0.010697, -0.222782, 1.3734, 0.026395, -0.328016, 1.3738, -0.011087, -0.328016, 1.41049, 0.026786, -0.328016, 1.41089, -0.010696, -0.328016, 0.441922, -0.041735, 0.153736, 0.441055, 0.040536, 0.153736, 0.588746, 0.040026, 0.052509, 0.589613, -0.042245, 0.05251], "name": "Untitled.005Geometry",