{
    "normals": [0.568133,0.583087,0.580676,0.580279,-0.570971,0.580676,0.292032,0.907315,0.302469,0.311075,-0.900937,0.302469,-0.574755,-0.583636,0.573565,-0.569231,-0.583483,-0.579211,-0.586932,0.571368,0.573565,-0.581408,0.571337,-0.579211,0.908811,-0.292337,-0.297555,0.581256,-0.571642,0.579058,0.585833,-0.570757,-0.575335,0.569079,0.583758,0.579058,0.573656,0.582965,-0.575335,0.583392,-0.571215,-0.577319,-0.571215,-0.583392,-0.577319,0.571215,0.583392,-0.577349,-0.583392,0.571215,-0.577349,-0.296976,-0.302683,-0.905606,-0.303293,0.296365,-0.905606,0.902463,0.311411,-0.297555,0.57036,0.583514,0.578021,0.582537,-0.571368,0.578021,0.292184,0.907285,0.302377,0.311228,-0.900906,0.302377],
    "metadata": {
        "normals": 24,
        "uvs": 1,
        "vertices": 24,
        "generator": "io_three",
        "type": "Geometry",
        "version": 3,
        "faces": 44
    },
    "uvs": [[0.160809,0.724346,0.178202,0.724346,0.160809,0.746128,0.178202,0.746128,0.881982,0.339593,0.985331,0.340445,0.881618,0.463526,0.983877,0.668089,0.249854,0.775441,0.228229,0.775441,0.249854,0.70385,0.228229,0.70385,0.880706,0.340102,0.880343,0.464035,0.984056,0.340954,0.982602,0.668599,0.295173,0.93209,0.303732,0.93209,0.295173,0.941028,0.303732,0.941028,0.57366,0.302442,0.54578,0.416656,0.54578,0.302442,0.548971,0.56588,0.548244,0.667239,0.547696,0.566389,0.546969,0.667748,0.204974,0.831462,0.204974,0.834494,0.202351,0.831462,0.202351,0.834494,0.603602,0.467401,0.603602,0.470024,0.601071,0.467401,0.601071,0.470024,0.209118,0.118406,0.19135,0.077318,0.209118,0.077318,0.621908,0.456294,0.621908,0.45458,0.623684,0.456294,0.623684,0.45458,0.262423,0.077318,0.262423,0.390171,0.244655,0.118406,0.124359,0.724346,0.141753,0.724346,0.124359,0.742314,0.141753,0.742314,0.282186,0.949756,0.282186,0.941197,0.289571,0.949756,0.289571,0.941197,0.795954,0.565757,0.794679,0.566266,0.322076,0.93209,0.330635,0.93209,0.322076,0.953449,0.330635,0.953449,0.19135,0.390171,0.794951,0.464035,0.796227,0.463526,0.269975,0.751167,0.272506,0.751167,0.269975,0.7542,0.272506,0.7542,0.278238,0.751227,0.278238,0.754259,0.275707,0.751227,0.275707,0.754259,0.657299,0.416655,0.62942,0.302442,0.657299,0.302442,0.244655,0.077318]],
    "vertices": [0.138398,0.054481,0.217881,0.139669,-0.066041,0.217882,0.013809,-0.067368,0.216845,0.012538,0.053154,0.216845,0.014309,0.053173,-0.182188,0.01558,-0.067349,-0.182187,0.545213,-0.061766,-0.057709,0.543943,0.058756,-0.057709,0.546098,-0.061757,-0.181151,0.544828,0.058766,-0.181151,0.47547,0.027901,-0.181151,0.476105,-0.032361,-0.181151,0.545146,0.028635,-0.181151,0.545781,-0.031626,-0.181151,0.140112,-0.066037,0.066946,0.138841,0.054486,0.066946,0.244102,-0.06494,0.066946,0.242832,0.055582,0.066946,0.244434,-0.064937,-0.057559,0.243164,0.055586,-0.057559,0.545781,-0.031626,-0.239312,0.476105,-0.032361,-0.239312,0.47547,0.027901,-0.239312,0.545146,0.028635,-0.239312],
    "name": "Untitled.002Geometry.2",
    "faces": [40,0,1,15,0,1,2,0,1,2,40,15,1,14,2,1,3,2,1,3,40,1,2,14,4,5,6,1,4,3,40,14,2,5,6,5,7,3,4,5,40,2,3,5,8,9,10,4,6,5,40,5,3,4,10,9,11,5,6,7,40,0,15,3,12,13,14,0,2,6,40,3,15,4,14,13,15,6,2,7,40,3,2,0,16,17,18,6,4,0,40,0,2,1,18,17,19,0,4,1,40,13,6,8,20,21,22,8,9,10,40,6,5,8,23,7,24,9,5,10,40,4,7,9,15,25,26,7,11,12,40,20,21,23,27,28,29,13,14,15,40,23,21,22,29,28,30,15,14,16,40,11,10,21,31,32,33,17,18,14,40,21,10,22,33,32,34,14,18,16,40,10,9,12,35,36,37,18,12,19,40,13,20,12,38,39,40,8,13,19,40,12,20,23,40,39,41,19,13,15,40,8,5,11,42,43,44,10,5,17,40,17,16,19,45,46,47,20,21,22,40,19,16,18,47,46,48,22,21,23,40,15,14,17,49,50,51,2,3,20,40,17,14,16,51,50,52,20,3,21,40,14,5,18,6,7,53,3,5,23,40,4,15,19,15,13,54,7,2,22,40,19,18,7,55,56,57,22,23,11,40,7,18,6,57,56,58,11,23,9,40,4,19,7,15,54,25,7,22,11,40,5,4,11,43,59,44,5,7,17,40,11,4,10,44,59,35,17,7,18,40,5,6,18,7,23,53,5,9,23,40,19,15,17,54,13,60,22,2,20,40,14,18,16,6,53,61,3,23,21,40,11,21,13,62,63,64,17,14,8,40,13,21,20,64,63,65,8,14,13,40,23,22,12,66,67,68,15,16,19,40,12,22,10,68,67,69,19,16,18,40,7,6,12,70,21,71,11,9,19,40,12,6,13,71,21,20,19,9,8,40,7,12,9,70,71,72,11,19,12,40,8,11,13,42,44,73,10,17,8,40,4,9,10,59,36,35,7,12,18]
}