{"normals": [0.567705, 0.583148, 0.581011, 0.579882, -0.571032, 0.581011, 0.292062, 0.907163, 0.302866, 0.311106, -0.900784, 0.302866, -0.574755, -0.583636, 0.573565, -0.569323, -0.583514, -0.579089, -0.586932, 0.571368, 0.573565, -0.5815, 0.571368, -0.579089, 0.909177, -0.292459, -0.296335, 0.580432, -0.571734, 0.579791, 0.586352, -0.570696, -0.574847, 0.007599, -0.707114, -0.707022, -0.007263, 0.707114, -0.707053, 0.568255, 0.58385, 0.579791, 0.574175, 0.582934, -0.574847, 0.583392, -0.571215, -0.577349, -0.571215, -0.583392, -0.577349, 0.571215, 0.583392, -0.577349, -0.583392, 0.571215, -0.577349, -0.298044, -0.304697, -0.904599, -0.304392, 0.298318, -0.904599, 0.902829, 0.311533, -0.296335, 0.57036, 0.583514, 0.578051, 0.582537, -0.571368, 0.578051, 0.292001, 0.907315, 0.302377, 0.311075, -0.900967, 0.302377, -0.007447, 0.707053, 0.707083, 0.007447, -0.707053, 0.707083, -0.006623, 0.707205, -0.706961, 0.008271, -0.707236, -0.7069, 0.311014, -0.901303, 0.301492, -0.29194, -0.907651, 0.301492, 0.29194, 0.907651, 0.301492, -0.311014, 0.901303, 0.301492, 0.583392, -0.571215, 0.577349, 0.571215, 0.583392, 0.577349, -0.571215, -0.583392, 0.577349, -0.583392, 0.571215, 0.577349, 0.586871, -0.570788, -0.574236, 0.574694, 0.583026, -0.574236, 0.00885, -0.706626, -0.707511, -0.006012, 0.706565, -0.707572], "metadata": {"normals": 42, "uvs": 1, "vertices": 46, "generator": "io_three", "type": "Geometry", "version": 3, "faces": 82}, "uvs": [[0.937841, 0.770548, 0.937841, 0.764963, 0.942699, 0.770548, 0.942699, 0.764963, 0.895392, 0.67264, 0.989529, 0.673415, 0.895061, 0.751071, 0.988205, 0.971856, 0.941094, 0.75854, 0.93551, 0.75854, 0.941094, 0.740053, 0.93551, 0.740053, 0.895392, 0.672658, 0.895061, 0.75109, 0.989529, 0.673433, 0.988205, 0.971875, 0.793837, 0.387741, 0.797466, 0.387741, 0.793837, 0.39153, 0.797466, 0.39153, 0.699466, 0.547136, 0.732757, 0.443118, 0.732757, 0.547136, 0.014828, 0.900668, 0.06628, 0.971081, 0.014166, 0.971081, 0.06628, 0.9711, 0.014828, 0.900686, 0.014166, 0.9711, 0.063999, 0.134211, 0.063999, 0.164848, 0.037502, 0.134211, 0.037502, 0.164848, 0.21117, 0.530776, 0.21117, 0.557273, 0.185598, 0.530776, 0.185598, 0.557273, 0.943374, 0.225361, 0.943374, 0.218312, 0.95024, 0.225361, 0.95024, 0.218312, 0.699466, 0.611395, 0.632883, 0.547136, 0.632883, 0.611395, 0.970839, 0.218312, 0.970839, 0.225361, 0.963973, 0.218312, 0.963973, 0.225361, 0.931474, 0.758961, 0.937058, 0.758961, 0.931474, 0.764617, 0.937058, 0.764617, 0.809853, 0.403389, 0.809853, 0.39976, 0.812984, 0.403389, 0.812984, 0.39976, 0.817032, 0.84238, 0.817032, 0.842398, 0.800341, 0.36631, 0.811396, 0.36631, 0.800341, 0.375319, 0.811396, 0.375319, 0.743568, 0.971422, 0.743568, 0.842398, 0.729842, 0.216489, 0.984239, 0.216489, 0.729842, 0.31023, 0.984239, 0.310231, 0.170282, 0.900667, 0.743568, 0.971397, 0.419539, 0.84238, 0.743568, 0.84238, 0.817281, 0.75109, 0.817281, 0.751071, 0.170282, 0.900686, 0.419539, 0.842398, 0.025535, 0.216489, 0.025535, 0.239924, 0.025534, 0.286795, 0.025534, 0.310231, 0.795583, 0.401421, 0.795583, 0.377641, 0.809373, 0.401421, 0.809373, 0.377641, 0.380311, 0.418682, 0.405883, 0.418682, 0.380311, 0.449319, 0.405883, 0.449319, 0.439015, 0.418682, 0.439015, 0.449319, 0.413444, 0.418682, 0.413444, 0.449319, 0.599591, 0.443118, 0.599591, 0.547136, 0.811396, 0.41479, 0.800341, 0.41479, 0.170408, 0.729253, 0.170408, 0.778648, 0.421617, 0.729253, 0.421617, 0.778648, 0.101892, 0.042594, 0.096308, 0.042594, 0.101892, 0.036873, 0.096308, 0.036873, 0.170282, 0.808341, 0.419539, 0.808341, 0.292565, 0.623507, 0.292565, 0.595358, 0.3032, 0.623507, 0.3032, 0.595358, 0.170282, 0.808323, 0.419539, 0.808323, 0.636257, 0.684195, 0.636257, 0.718798, 0.603173, 0.684195, 0.603173, 0.718798, 0.818089, 0.386732, 0.818089, 0.401002, 0.812042, 0.386732, 0.812042, 0.401002, 0.801455, 0.482821, 0.807808, 0.482821, 0.801455, 0.497033, 0.80778, 0.497092, 0.800304, 0.482821, 0.800333, 0.497092, 0.793979, 0.482881, 0.793979, 0.497092, 0.793178, 0.415943, 0.793178, 0.401732, 0.799225, 0.415943, 0.799225, 0.401732]], "vertices": [0.143151, 0.052917, 0.167582, 0.144421, -0.067605, 0.167582, 0.018561, -0.068932, 0.166546, 0.017291, 0.051591, 0.166546, 0.019061, 0.051609, -0.232487, 0.020332, -0.068913, -0.232487, 1.32172, -0.055194, -0.137303, 1.32045, 0.065328, -0.137303, 1.3226, -0.055185, -0.23145, 1.32133, 0.065338, -0.23145, 1.25293, -0.055919, -0.23145, 1.25166, 0.064603, -0.23145, 1.25197, 0.034472, -0.23145, 1.25261, -0.025789, -0.23145, 1.32165, 0.035207, -0.23145, 1.32228, -0.025054, -0.23145, 0.144864, -0.0676, 0.062715, 0.143593, 0.052922, 0.062715, 0.248854, -0.066504, 0.062715, 0.247584, 0.054018, 0.062715, 0.249187, -0.066501, -0.059369, 0.247916, 0.054022, -0.059369, 0.346136, 0.055057, -0.05937, 0.347407, -0.065465, -0.05937, 0.346137, 0.055057, -0.231881, 0.347407, -0.065465, -0.231873, 1.32228, -0.025054, -0.289611, 1.25261, -0.025789, -0.289611, 1.25197, 0.034472, -0.289611, 1.32165, 0.035207, -0.289611, 0.776475, 0.059594, -0.059369, 0.777745, -0.060929, -0.059369, 1.11261, 0.063137, -0.137303, 1.11388, -0.057385, -0.137303, 1.11261, 0.063137, -0.013833, 1.11388, -0.057385, -0.013833, 0.776475, 0.059594, -0.013833, 0.777745, -0.060929, -0.013833, 1.29045, -0.032881, -0.037911, 1.28966, 0.042361, -0.037911, 1.2912, -0.032874, -0.116612, 1.2904, 0.042369, -0.116613, 1.11285, 0.040497, -0.116972, 1.11364, -0.034745, -0.116966, 1.11285, 0.040497, -0.037911, 1.11364, -0.034745, -0.037911], "name": "Untitled.003Geometry",