{"normals": [0.567492, 0.583178, 0.581195, 0.579669, -0.571093, 0.581195, 0.292062, 0.907071, 0.30311, 0.311136, -0.900723, 0.30311, -0.573382, -0.58385, 0.574725, -0.585559, 0.571642, 0.574725, -0.570696, -0.58327, -0.57796, -0.582873, 0.571123, -0.57796, 0.583392, -0.571215, 0.577349, 0.583392, -0.571215, -0.577349, 0.571215, 0.583392, 0.577349, 0.571215, 0.583392, -0.577349, -0.571215, -0.583392, -0.577349, 0.571215, 0.583392, -0.577319, -0.583392, 0.571215, -0.577349, -0.297067, -0.303293, -0.905393, -0.303415, 0.296976, -0.905393, 0.304666, -0.298288, -0.904508, 0.298288, 0.304666, -0.904508, 0.571429, 0.583331, -0.577197, 0.583605, -0.571154, -0.577197, 0.570269, 0.583544, 0.578112, 0.582446, -0.571398, 0.578112, 0.292032, 0.907285, 0.302469, 0.311075, -0.900937, 0.302469, 0.304666, -0.298288, 0.904508, -0.298288, -0.304666, 0.904508, -0.571215, -0.583392, 0.577349, -0.583392, 0.571215, 0.577349, 0.907651, -0.29194, 0.301492, 0.907651, -0.29194, -0.301492, 0.901303, 0.311014, 0.301492, 0.901303, 0.311014, -0.301492, 0.901273, 0.311045, -0.301492, 0.901273, 0.311014, 0.301492, 0.298288, 0.304666, 0.904508, -0.304666, 0.298288, 0.904508], "metadata": {"normals": 37, "uvs": 1, "vertices": 48, "generator": "io_three", "type": "Geometry", "version": 3, "faces": 92}, "uvs": [[0.334576, 0.74287, 0.334576, 0.725049, 0.347938, 0.74287, 0.347938, 0.725049, 0.576905, 0.181935, 0.554572, 0.181935, 0.576905, 0.104126, 0.554572, 0.104126, 0.165013, 0.926195, 0.192309, 0.926195, 0.165013, 0.9547, 0.192309, 0.9547, 0.897461, 0.467451, 0.897461, 0.548897, 0.82036, 0.467451, 0.82036, 0.548897, 0.32595, 0.839164, 0.32765, 0.839164, 0.32595, 0.842003, 0.32765, 0.842003, 0.85843, 0.933183, 0.805981, 0.933183, 0.85843, 0.872151, 0.805981, 0.872151, 0.917704, 0.872151, 0.917704, 0.933183, 0.865255, 0.872151, 0.865255, 0.933183, 0.192683, 0.074908, 0.26012, 0.074908, 0.209541, 0.085238, 0.24326, 0.085238, 0.300274, 0.73842, 0.300274, 0.720598, 0.316682, 0.73842, 0.316682, 0.720598, 0.220925, 0.953491, 0.220925, 0.926195, 0.244477, 0.953491, 0.244477, 0.926195, 0.199299, 0.956857, 0.241895, 0.956857, 0.188609, 0.961246, 0.277204, 0.961246, 0.578139, 0.542395, 0.819705, 0.542394, 0.578139, 0.69745, 0.983308, 0.698185, 0.819851, 0.541928, 0.893856, 0.463212, 0.820086, 0.463211, 0.89371, 0.463678, 0.819941, 0.463678, 0.983453, 0.399844, 0.89417, 0.399108, 0.702477, 0.557376, 0.702477, 0.56827, 0.69687, 0.557376, 0.69687, 0.56827, 0.695829, 0.56827, 0.690222, 0.56827, 0.695829, 0.557376, 0.690222, 0.557376, 0.410491, 0.112971, 0.380802, 0.112971, 0.410491, 0.057505, 0.380802, 0.057505, 0.162078, 0.70226, 0.268858, 0.70226, 0.186255, 0.711027, 0.258902, 0.711027, 0.162078, 0.761138, 0.186255, 0.752371, 0.268858, 0.761138, 0.258902, 0.752371, 0.574778, 0.514528, 0.574778, 0.537631, 0.570572, 0.514528, 0.570572, 0.537631, 0.293583, 0.833298, 0.294859, 0.833298, 0.293583, 0.837285, 0.294859, 0.837285, 0.483918, 0.602576, 0.487848, 0.602576, 0.483918, 0.603866, 0.487848, 0.603866, 0.575863, 0.537631, 0.575863, 0.514528, 0.580068, 0.537631, 0.580068, 0.514528, 0.197467, 0.934898, 0.236156, 0.934898, 0.212387, 0.937925, 0.229411, 0.937925, 0.229411, 0.954457, 0.236156, 0.957484, 0.197467, 0.957484, 0.212387, 0.954457, 0.192683, 0.394489, 0.209541, 0.105433, 0.574307, 0.453374, 0.574307, 0.416999, 0.679013, 0.453374, 0.679013, 0.416999, 0.183755, 0.815409, 0.183755, 0.849844, 0.07905, 0.815409, 0.079049, 0.849844, 0.786142, 0.478717, 0.786142, 0.515092, 0.681436, 0.478717, 0.681436, 0.515092, 0.103635, 0.964379, 0.103635, 0.929944, 0.208341, 0.964379, 0.208341, 0.929944, 0.499076, 0.349345, 0.452797, 0.334367, 0.499077, 0.120996, 0.452797, 0.135974, 0.347072, 0.334367, 0.300793, 0.349345, 0.347072, 0.135974, 0.300793, 0.120996, 0.983453, 0.697718, 0.578285, 0.696983, 0.578285, 0.541928, 0.24326, 0.105433, 0.26012, 0.394489, 0.983308, 0.40031, 0.894024, 0.399575, 0.452797, 0.334819, 0.347072, 0.334819, 0.452797, 0.135522, 0.347072, 0.135522, 0.188609, 0.92908, 0.199299, 0.933469, 0.241894, 0.933469, 0.277204, 0.92908]], "vertices": [0.135388, 0.055933, 0.161323, 0.136714, -0.069789, 0.161323, 0.005425, -0.071173, 0.160241, 0.0041, 0.054549, 0.160241, 0.0041, 0.054549, -0.277798, 0.005425, -0.071173, -0.277798, 0.601213, -0.064892, -0.0487, 0.599888, 0.06083, -0.0487, 0.601213, -0.064892, -0.276717, 0.599888, 0.060829, -0.276717, 0.543312, 0.0288, -0.276717, 0.543974, -0.03406, -0.276717, 0.137176, -0.069784, 0.067056, 0.135851, 0.055938, 0.067056, 0.245652, -0.06864, 0.067056, 0.244326, 0.057081, 0.067056, 0.245998, -0.068637, -0.0487, 0.244673, 0.057085, -0.0487, 0.581623, -0.033664, -0.349868, 0.543974, -0.034061, -0.349868, 0.543312, 0.0288, -0.349868, 0.58096, 0.029197, -0.349868, 0.601016, -0.046172, -0.100328, 0.601016, -0.046172, -0.255458, 0.600085, 0.04211, -0.100328, 0.600085, 0.04211, -0.255458, 0.629257, -0.045874, -0.100327, 0.629257, -0.045874, -0.255458, 0.628326, 0.042408, -0.100328, 0.628326, 0.042408, -0.255458, 0.629132, -0.034041, -0.160151, 0.629132, -0.034041, -0.228411, 0.628451, 0.030574, -0.160151, 0.628451, 0.030574, -0.228411, 0.58096, 0.029197, -0.276717, 0.581623, -0.033664, -0.276717, 0.825609, -0.03197, -0.160151, 0.825609, -0.03197, -0.228411, 0.824928, 0.032646, -0.228411, 0.824927, 0.032646, -0.160151, 0.557206, 0.043224, 0.275136, 0.558169, -0.048189, 0.275136, 0.386423, 0.041423, 0.275136, 0.387387, -0.049989, 0.275136, 0.386423, 0.041423, -0.048701, 0.557206, 0.043224, -0.0487, 0.558169, -0.048189, -0.0487, 0.387387, -0.049989, -0.0487], "name": "Untitled.004Geometry",