{"normals": [0.567492, 0.583178, 0.581195, 0.579669, -0.571093, 0.581195, 0.292062, 0.907071, 0.30311, 0.311136, -0.900723, 0.30311, -0.583392, 0.571215, -0.577349, -0.571215, -0.583392, -0.577349, -0.583056, 0.571154, 0.577746, -0.570879, -0.583331, 0.577746, -0.585528, 0.571642, 0.574755, -0.573351, -0.58385, 0.574755, 0.583392, -0.571215, 0.577349, 0.583392, -0.571215, -0.577349, 0.571215, 0.583392, 0.577349, 0.571215, 0.583392, -0.577349, 0.570391, 0.583514, 0.578021, 0.582568, -0.571368, 0.578021, 0.292001, 0.907346, 0.302347, 0.311075, -0.900967, 0.302347, 0.047151, -0.696768, 0.71572, 0.011841, -0.708274, -0.705802, -0.570879, -0.583483, -0.577532, 0.612049, -0.572466, 0.545549, 0.586566, -0.567431, -0.577837, 0.032441, 0.697592, 0.71572, 0.599872, 0.585253, 0.545549, -0.003052, 0.708365, -0.705802, 0.57448, 0.579669, -0.577837, 0.907651, -0.29194, -0.301492, 0.907651, -0.29194, 0.301492, 0.901303, 0.311014, -0.301492, 0.901303, 0.311014, 0.301492, -0.583056, 0.571337, -0.577532, -0.907041, 0.293649, -0.301645, -0.900662, -0.312693, -0.301645, -0.843654, -0.447707, 0.296243, -0.852901, 0.429792, 0.296243, 0.188116, -0.65508, 0.731742, 0.174291, 0.658895, 0.731742, 0.571215, 0.583392, 0.577319, -0.137455, 0.699667, -0.701071, -0.122684, -0.702414, -0.701071, -0.007447, 0.707053, -0.707083, 0.007447, -0.707053, -0.707083, -0.583392, 0.571215, 0.577319, -0.571215, -0.583392, 0.577349, -0.583392, 0.571215, 0.577349, 0.583392, -0.571215, 0.577319, 0.19303, -0.924894, 0.327555, -0.29194, -0.907651, 0.301492, 0.173498, 0.928739, 0.327555, -0.311014, 0.901303, 0.301492, -0.123905, 0.70101, 0.702261, -0.109104, -0.703452, 0.702261, -0.109104, -0.703452, -0.702292, -0.123905, 0.70101, -0.702261, 0.15714, 0.699149, -0.69747, 0.17185, -0.695669, -0.69747, 0.136052, 0.701254, -0.699789, 0.150792, -0.698233, -0.699789, -0.140599, -0.932646, 0.332224, 0.150792, -0.698233, 0.699789, -0.160253, 0.929472, 0.332224, 0.136052, 0.701254, 0.699789, 0.29194, 0.907651, 0.301492, -0.571215, -0.583392, 0.577319, 0.311014, -0.901303, 0.301492], "metadata": {"normals": 66, "uvs": 1, "vertices": 78, "generator": "io_three", "type": "Geometry", "version": 3, "faces": 148}, "uvs": [[0.389054, 0.877096, 0.389054, 0.845638, 0.41264, 0.877096, 0.41264, 0.845638, 0.800324, 0.35896, 0.816758, 0.35896, 0.800324, 0.424859, 0.816758, 0.424859, 0.795748, 0.407846, 0.797169, 0.407846, 0.795748, 0.40933, 0.797169, 0.40933, 0.721496, 0.43726, 0.721496, 0.55522, 0.609828, 0.43726, 0.609828, 0.55522, 0.279347, 0.736052, 0.310805, 0.736052, 0.279347, 0.768865, 0.310805, 0.768865, 0.800062, 0.411398, 0.800062, 0.409978, 0.801288, 0.411398, 0.801288, 0.409978, 0.72179, 0.843101, 0.816448, 0.843101, 0.72179, 0.988506, 0.989049, 0.988517, 0.817254, 0.843091, 0.895329, 0.749007, 0.817503, 0.749007, 0.894523, 0.749017, 0.816697, 0.749017, 0.989855, 0.682154, 0.895661, 0.681378, 0.233642, 0.892229, 0.233642, 0.988299, 0.809487, 0.394582, 0.810908, 0.394582, 0.809579, 0.40227, 0.810816, 0.40227, 0.722596, 0.843091, 0.234448, 0.892219, 0.722596, 0.988496, 0.234448, 0.988289, 0.818475, 0.406103, 0.812862, 0.396579, 0.818475, 0.372598, 0.812862, 0.3795, 0.796694, 0.396579, 0.79108, 0.406103, 0.79108, 0.372598, 0.796694, 0.3795, 0.573303, 0.564097, 0.573303, 0.606272, 0.004768, 0.564097, 0.004768, 0.606271, 0.23275, 0.315408, 0.23275, 0.29924, 0.462984, 0.315408, 0.462984, 0.29924, 0.004768, 0.60529, 0.004768, 0.563114, 0.573303, 0.60529, 0.573302, 0.563115, 0.398388, 0.750955, 0.398388, 0.767123, 0.168154, 0.750955, 0.168154, 0.767123, 0.989855, 0.988507, 0.989049, 0.682164, 0.894855, 0.681388, 0.755282, 0.146067, 0.755282, 0.176234, 0.164121, 0.146067, 0.164121, 0.176234, 0.75796, 0.054608, 0.75796, 0.024299, 0.251177, 0.054608, 0.251177, 0.024299, 0.163855, 0.095321, 0.251037, 0.106034, 0.163855, 0.106037, 0.251187, 0.089213, 0.75797, 0.09634, 0.164005, 0.099925, 0.75794, 0.099925, 0.163995, 0.054608, 0.163995, 0.024299, 0.254333, 0.751498, 0.254333, 0.774726, 0.244341, 0.747383, 0.244341, 0.778841, 0.285496, 0.774726, 0.351185, 0.778841, 0.351185, 0.747383, 0.285496, 0.751498, 0.164005, 0.089209, 0.757791, 0.095321, 0.75782, 0.098907, 0.968172, 0.319348, 0.639939, 0.319348, 0.968172, 0.20857, 0.639939, 0.20857, 0.040425, 0.312195, 0.040425, 0.215724, 0.809487, 0.393091, 0.810908, 0.393091, 0.267365, 0.368164, 0.430238, 0.368164, 0.267365, 0.531036, 0.430238, 0.531036, 0.764119, 0.682115, 0.765189, 0.682115, 0.764119, 0.683043, 0.765189, 0.683043, 0.757967, 0.701315, 0.757967, 0.700245, 0.758557, 0.701315, 0.758557, 0.700245, 0.596689, 0.702506, 0.596689, 0.701916, 0.597759, 0.702506, 0.597759, 0.701578, 0.594461, 0.686752, 0.595531, 0.686752, 0.594461, 0.687342, 0.595531, 0.68768, 0.46998, 0.759749, 0.47105, 0.759749, 0.469632, 0.76171, 0.471399, 0.76171, 0.574275, 0.775929, 0.575346, 0.775929, 0.573927, 0.77789, 0.575694, 0.77789, 0.740582, 0.76241, 0.739512, 0.76241, 0.740931, 0.760449, 0.739163, 0.760449, 0.573118, 0.760175, 0.572047, 0.760175, 0.573466, 0.758214, 0.571699, 0.758214, 0.739512, 0.767784, 0.740582, 0.767784, 0.73926, 0.768906, 0.740834, 0.768906, 0.575346, 0.770556, 0.574275, 0.770556, 0.575598, 0.769433, 0.574024, 0.769433, 0.469218, 0.7622, 0.468148, 0.7622, 0.46947, 0.761077, 0.467896, 0.761077, 0.572047, 0.765549, 0.573118, 0.765549, 0.571796, 0.766671, 0.57337, 0.766671, 0.469632, 0.763212, 0.471399, 0.763212, 0.59634, 0.704467, 0.598108, 0.704467, 0.59634, 0.705969, 0.598108, 0.705969, 0.765538, 0.680154, 0.76377, 0.680154, 0.765538, 0.678652, 0.76377, 0.678652, 0.59588, 0.684791, 0.594112, 0.684791, 0.59588, 0.683289, 0.594112, 0.683289, 0.763867, 0.688611, 0.765441, 0.688611, 0.763867, 0.689939, 0.765441, 0.689939, 0.598011, 0.69601, 0.596437, 0.69601, 0.598011, 0.694682, 0.596437, 0.694682, 0.46947, 0.759749, 0.467896, 0.759749, 0.594209, 0.693248, 0.595783, 0.693248, 0.594209, 0.694576, 0.595783, 0.694576, 0.764119, 0.68649, 0.765189, 0.68649, 0.764119, 0.687488, 0.765189, 0.687488, 0.594461, 0.692125, 0.594461, 0.691633, 0.595531, 0.692125, 0.595531, 0.691127, 0.7573, 0.701315, 0.7573, 0.700245, 0.757793, 0.701315, 0.757793, 0.700245, 0.597759, 0.698131, 0.596689, 0.697626, 0.597759, 0.697133, 0.596689, 0.697133, 0.471561, 0.759749, 0.472631, 0.759749, 0.471561, 0.764039, 0.472631, 0.764039, 0.664263, 0.697537, 0.665333, 0.697537, 0.664263, 0.698663, 0.665333, 0.698663, 0.764403, 0.697279, 0.764403, 0.697869, 0.763276, 0.697279, 0.763276, 0.697869, 0.666565, 0.698663, 0.665495, 0.698663, 0.666565, 0.697537, 0.665495, 0.697537, 0.762175, 0.682115, 0.762175, 0.682705, 0.761049, 0.682115, 0.761049, 0.682705, 0.666727, 0.697537, 0.667798, 0.697537, 0.666727, 0.698663, 0.667798, 0.698663, 0.764403, 0.692495, 0.764403, 0.692988, 0.763276, 0.692495, 0.763276, 0.692988, 0.66903, 0.698663, 0.66796, 0.698663, 0.66903, 0.697537, 0.66796, 0.697537, 0.762175, 0.686995, 0.762175, 0.687488, 0.761049, 0.686995, 0.761049, 0.687488]],